<?xml version="1.0"?>
<pagescount>
	<html_total>5</html_total>
	<html_done>5</html_done>
	<images>84</images>
	<script>5</script>
	<css>2</css>
	<pdf/>
	<documents/>
	<excel/>
	<powerpoint/>
	<flash/>
	<audios/>
	<videos/>
	<xml/>
	<json>1</json>
	<txt/>
	<autocad/>
	<fonts>30</fonts>
	<scraping_reload>1</scraping_reload>
	<is_pretty_url>false</is_pretty_url>
	<is_ebn>false</is_ebn>
	<email>sjdjsjdna@gmail.com</email>
	<theme_name>WmdTheme617875</theme_name>
	<server_url_front_page>https://www6.waybackmachinedownloader.com/wdo/files/demo/papeero.itch.io_sjdjsjdna_gmail.com_o5oazfbhm3/</server_url_front_page>
	<no_www_url>papeero.itch.io</no_www_url>
	<hosted_domain/>
	<original_archive_url>https://papeero.itch.io/pastaghi</original_archive_url>
	<final_archive_url>https://papeero.itch.io/pastaghi</final_archive_url>
	<front_page_code_date/>
	<total_urls_from_api/>
	<max_reached_live>false</max_reached_live>
	<scrape_other_captures>false</scrape_other_captures>
	<total_size>17896</total_size>
</pagescount>
